name,logo,nativePaymentAsset,floorPrice,numOwners,totalSupply,sevenDayChange,sevenDayVolume,oneDayChange,oneDayVolume,thirtyDayChange,totalVolume
Decentral Games ICE Poker,https://lh3.googleusercontent.com/vqpagZzkUkiTlLR1DHyw58wc6uxfEegI8NbeFo45mubN2O3m8WTGTG59xXPQCflsAXLs_EcmR3tIiic_1Alet6E0z2YcXtIMxWfVWw=s120,ETH,1.86,4129,21758,0.06679714503677103,520.10389899999984209,1.7399682334150848,185.789299999999968804,-0.3593942103081199,8974.006164331181935268
The Martians: Metaverse,https://lh3.googleusercontent.com/IQT-uqtTooKkCKVHI1AKVUczl1LIIT1fR8NZEUh0EzrB-Frs7y-54bZ3SZ0zG8WimxzShQsc2i2QLSuwRokL5IOfu8FpnlzmjPXq3w=s120,ETH,0.899,3125,5000,-0.6309562650066074,79.642999999999986471,0.12611418935196347,9.349000000000000199,9.319441823302629,1416.713040000001228691
FancyBirds,https://lh3.googleusercontent.com/wrElaEBwneqKR669amNlLLxXC7rKuXoc50Et36hnwqYQcs2oa2cBtuKN1ogPnSJN8okccSoeqvpRTvdYwPFwPVyu8-4p33p6RCuwL_g=s120,ETH,0.194,1703,8888,-0.6822076066740108,54.175189000000017359,0.17410293420003412,11.632190000000001362,5.356043572257278,1415.733008866662203218
Crypto Unicorns Market,https://lh3.googleusercontent.com/jLi7QyLxZLXAeAqtKuecs5ebhGpDwWG6iI_EsfeXanpCCjCnDtqW9Db4b2ZAO0poqfIgBuGdYmyJCFL-c9wVJFIjJUZ2Lmna13kTDg=s120,ETH,1.17,537,10000,0.008144924901113553,187.408999999999963393,1.351124321530111,36.38599999999999568,-0.7864949948625023,6985.570255939956041402
ZED RUN Legacy,https://lh3.googleusercontent.com/tgpgbT3OwxX4REASLdyafzCWQ5EhOtgSiIlhI3am3aZ_mYPS0WbM9Z4F6hOhb0D-AKqhHlFg6BNBquchQy-_bwY=s120,ETH,0.0086,42573,217935,-0.6729314340867174,15.944985429999976034,2.840659516439922,4.802014999999999034,-0.7305980924723956,46198.145550509194436017
Crypto Unicorns Land Market,https://lh3.googleusercontent.com/jLi7QyLxZLXAeAqtKuecs5ebhGpDwWG6iI_EsfeXanpCCjCnDtqW9Db4b2ZAO0poqfIgBuGdYmyJCFL-c9wVJFIjJUZ2Lmna13kTDg=s120,ETH,0.094,6940,29998,-0.36825623044937444,87.925564899999770319,0.5962434482411683,20.456977000000001965,-0.6870131446294873,2586.219419335544898786
Space Game - Marines & Aliens,https://lh3.googleusercontent.com/OE7EAlp8t48ctvD-Vwcplc93Xt-JunS55oaWK2rXfs1JBmQJE4xpU2_2xIV4qninTMvru5Bxizl33m7rmjalo9nMAQ9dJxkd7Wn5Jg=s120,ETH,0.0132,756,27959,-0.6584708804104108,13.605820000000013792,-0.5622871994801816,1.178869999999999862,4.011001810903598,609.491359168100416355
Crypto Unicorns Shadowcorns,https://lh3.googleusercontent.com/EorjfSP6_15XdWcMLzJqHTC-y1aadmGeL_jydEtpL4aTj--lUdQ1GWy_bdvb8PN6Dmf46rXOZxgYQkbDVEoNnjHrWKO9HUdc39RdPkA=s120,ETH,0.075,1285,5,-0.4390894699513135,78.884100000000003661,-0.23103547735794644,18.661999999999999034,1.1768116799488524,739.049307600000361163
Phantom Galaxies Origin Collection,https://lh3.googleusercontent.com/NZ0WI9Fxr69mfjNye3t2Ct_Uk-JnPTqWoA7TF4RK18wslgZkR2I1WJ1Uw6PzLK9oj-r02r5r30VR7TVNYqidtg4b75rBqD5p7E1S9g=s120,ETH,0.0065,529042,2,-0.7446966255548922,18.444773479999973631,0.1821282265158619,3.986352000000000562,-0.5430024199567378,1472.940032924561819527
ZED RUN,https://lh3.googleusercontent.com/tgpgbT3OwxX4REASLdyafzCWQ5EhOtgSiIlhI3am3aZ_mYPS0WbM9Z4F6hOhb0D-AKqhHlFg6BNBquchQy-_bwY=s120,ETH,0.005,16482,139764,-0.37926132879344754,89.952919783800055598,0.2741942426165029,17.463753679999996393,0,306.031669527900703542
Chumbi Valley Official,https://lh3.googleusercontent.com/BMA1U68bhqomAbrdKTske865bLFr5NiJpwb8EVlSiHqkOGRZkZWIerLUMemJgqBtIKulbDp2hQ8c321W5sxvs6-KJD-qXia28gn2hQ=s120,ETH,0.646,1880,4096,-0.4888235294117647,21.290500000000001535,0.3182142857142855,3.690999999999999837,-0.8187919160408103,2943.293632781099404383
Ember Sword Land,https://lh3.googleusercontent.com/J7SSCNIDh1ui59aoqyNywPtnUAUB-Q80Cnl1txbxmJOAIKcRJT1bUYidkDPNegOk2W0zyjqVkLbdcI6g6KTYgQCDplCo3DXpDSeaPg=s120,ETH,0.21,5993,39995,-0.6050420492666232,20.564104999000011986,0.5528312437125965,5.806299999999998462,-0.4230719538525157,2790.835652824444423459
Crypto Raiders MOBS,https://lh3.googleusercontent.com/44XZseVPcTMuIseriL_HWueJ1pVaTp7p5JbMlAyQccPRCE3IsbOohEZ9WzKH0zOlmXIUsEH8NIULCA5PunKfNhTAi2yhXyVim745OA=s120,ETH,0.119,1568,12562,-0.2418205453209844,21.055250000000004462,-0.8686335062939913,0.419000000000000039,-0.25063823442248157,917.986784539990821941
Chicken Derby,https://lh3.googleusercontent.com/z0605wLEPoraBKL4y4b3Be_yF9uKA_dO8Z24mNGhpXht_H0quGAFuzsBAOinZc8GQhI2NDQUfcpCfGQagttD-O2FogcKCsAy3pwFcd4=s120,ETH,0.0345,5931,33330,0.0463563967325598,30.638768790000042941,-0.47824699935106346,3.82709999999999928,-0.10641458216826553,3820.901845501901789248
Crypto Raiders Characters,https://lh3.googleusercontent.com/44XZseVPcTMuIseriL_HWueJ1pVaTp7p5JbMlAyQccPRCE3IsbOohEZ9WzKH0zOlmXIUsEH8NIULCA5PunKfNhTAi2yhXyVim745OA=s120,ETH,0.03,3565,59151,-0.33250312288435385,23.339370000000027261,0.7533272837265567,3.477899999999997771,-0.7354811795081405,2095.896782598972549749
The Red Village Champions,https://lh3.googleusercontent.com/TU1DDkliHAwy7v_5W0PRB7qbluGn6yaUr9dcHjbBlIjCV3bVGeYq-_yNWEsL9JrLGHJY30XYOIVfH9YCMSS2jIEBTt9jjnCrhzhTRg4=s120,ETH,0.11,2165,10999,-0.12273410579345086,21.767160000000000508,-0.24594997495448337,5.027900000000000702,-0.7232038604447648,1698.043292381973742522
EtherOrcs Items,https://storage.opensea.io/files/c11429c7afc0015c888647062e2e65e4.svg,ETH,0.01,796,6,0.3180222077491135,44.80759394999995493,-0.3629979443936751,7.252864000000000644,-0.007774795642908118,263.94482597838049287
Ember Sword Badge,https://lh3.googleusercontent.com/WKoNbcQGx1OCdRCfU5hEkcI_TFHfO-VxMladWaNEQBB01YD-lVeHhg92_b19-nzgUJp7SlWZpMbiAQwfpWIUhzuwlYO0-r8ydRPsmg=s120,ETH,0.203,5924,4,-0.20898599963604933,22.87772803859999371,-0.6754070077909986,2.370600000000000041,-0.1883089773719449,1297.493169098544512963
DeRace Horses,https://lh3.googleusercontent.com/NX0IVtz5ANW7omJmZ782nxA8FHNriqfa764AuOdlRZpO7YLr0yImGggqysOs78dYsmO3lAMpAhwDhtjUbcyrUqUeUCQF_iDX7_20eQ=s120,ETH,0.15,1906,5191,-0.2633197189661511,11.39404900000000076,2.0344827586206895,1.760000000000000009,-0.7182363722426228,3427.79934044591982456
Evaverse Hoverboards,https://lh3.googleusercontent.com/qcQqdAW8G7vS7kjpFrkUfgp-SJnmkV75ONNdSlH-wLzW7EoXFsMuu2kC3UxidNgRTDm0bEnrVhptffYIVog6f8HiA_4ZMfvwK4ky=s120,ETH,0.125,3167,10017,-0.2998325983689918,9.377299999999998192,-0.21106803903221513,2.360799999999999788,-0.48965701898092284,254.656407899000214456
Dvision Land - London & Tokyo,https://lh3.googleusercontent.com/ogUNGS0MNgZFUw8yILa_Oq_mKf9aelh7jJtRJc8arpZqmnMpZsOa87JWjGQ0ZMFqCb-PWxsNXDX4c3Wa16BtdAmoGR6kR9Mbf7sNoA=s120,ETH,0.1099,1106,4735,3.3501270818148003,31.382682399999978884,-0.6430010725042524,6.732790000000000497,-0.8089654075233131,404.475558180005918985
MetaCityM Land OG,https://lh3.googleusercontent.com/B4cdLV_bgpJ03e6NjGrQgYQ6SLg56hgtEQW6ZWjeY8HiyE5YYRONxv4jE5CLZfTMKvpOS9nwCoxf4BLva2l5dJGeWbb-7_RFM3mX=s120,ETH,0.075,1472,5000,0.05160295208715711,5.386100000000001664,1.6381231671554253,1.799200000000000133,4.661231445817582,75.413133444389913507
Project Galaxy NFT,https://lh3.googleusercontent.com/-tom5N1JkMBvXw3rtz7JseJpAIHLrVvU13rTto4uqQCPmW4ZNvboPj34x3Ub3r7baOGYQ43KhcQ3gADkewfOY1gWKFtZ7ZoTFG7_EQ=s120,ETH,0.0064,13057,28296,-0.7877483039933854,3.568280000000001451,-0.8524647176288452,0.263019999999999921,-0.7243721130192133,477.201497868281478532
Genesis Komos by Ethlas,https://lh3.googleusercontent.com/bckKI7rYj3kNKfMnasEcMLDbxO8iqBnEp3kV6ffFmHrR4fsk374IOU--dhoD17r5RDL67m7HE4uUi3b7DJ5eVErfXieC7u9CqqYYWw=s120,ETH,0.129,1326,8337,-0.3914399192011897,14.852699899999992184,-0.39157058326983374,1.688999999999999835,0,61.511399790000112375
Riot Racers Cars,https://lh3.googleusercontent.com/dyiqgz4_Fm6XY7B4xSZB5E4q9iuul46DSzLnBexZFyPB6r6tHMunAg7M7hjBPoJYMp9lFhglxzd_PhDAFc6sKOhOwwpzE7HFE0l5tA=s120,ETH,0.05,1487,6840,-0.5956173836157054,6.114900000000000446,0.12018489984591672,1.453999999999999959,-0.07421911612667874,814.901688900001659022
HOK Main,https://lh3.googleusercontent.com/1lYiYL_wfr19fxF0lNGLvOqZ9tkOQQ4lPQj-8Eae1NGYlfv8hjsb_adJCJvEoJs45hpAwWPO04YHlyf6THN8hddm2d4J3Vd69-r0=s120,ETH,0.075,1160,3291,-0.1717414406505567,8.963000000000000966,-0.15886699507389182,3.414999999999999591,-0.5386620854390045,985.515055999887522376
Riot Racers Drivers,https://lh3.googleusercontent.com/zv-r2X1DouiaCsT0C-8KeY2j_d8VR9pMTq0nIhPFda__IPc1OVqivwKPMik_tits30MwdRWKuYFaceHP9AMzpPeuJsio8-dgjr9AxQ=s120,ETH,0.028,1706,11110,-0.16837205965437776,9.273400000000000531,5.5830128205128196,2.053899999999999615,0.538324916532825,171.162987888800131486
Decentraland Wearables (Polygon),https://lh3.googleusercontent.com/5KIxEGmnAiL5psnMCSLPlfSxDxfRSk4sTQRSyhPdgnu70nGb2YsuVxTmO2iKEkOZOfq476Bl1hAu6aJIKjs1myY=s60,ETH,0.00037721,168072,688911,0.3921999323503483,11.326133123000003522,-0.07250471831809968,2.397820569999999041,-0.19467034690380774,261.003663109870615244
GFARM2 NFT 5,,ETH,13,22,84,-1,0.000,0,0.000,-0.2474916387959866,162.449999999999988631
PolyFarm Official,https://lh3.googleusercontent.com/S08_BnOf9FWz9fvc2_3p3GmztfVFBl-drQ9Fs0KFLsHNA7CGBLhyGqcdigvtM59UHHsU7Y4wBW9hHd6ccgKpRMudeK_GaHj_Hn7ERQ=s120,ETH,0.0545,1410,10008,-0.12585548540784236,9.542310999999994436,-0.745568029127476,0.586999999999999966,-0.18401794530015883,266.322905498895124765
Crypto Cannabis Club NFTokins,https://lh3.googleusercontent.com/KbcsxsxBMQcrDMdz0cx234KEI3183wmsZ9fJCh3y_4B8PLhXP28QLuLTXxgy71gGdETh2gCU7A6VGcr-UqkL-fZ6AVQfWd9RoMEbkw=s120,ETH,0.03898,3711,12999,-0.40768620019185997,5.495859999999999523,0.26599147121535166,1.092499999999999805,0.7638444541347559,269.070103446599603103
MiniGoros,https://lh3.googleusercontent.com/ytC_ynU69zi8KiwRGPVRrF-Q9ZiYTukXzKHZZyTOHXaYbI0bmc_2tlQNs9He3dmgKfKhEDPODisZFikp9AZ6NM9HDTgsxJ-gV4wzJw=s120,ETH,0.016,1566,9977,-0.7685102959207908,1.081800000000000095,2.775023832221163,0.396000000000000019,21.647797488680755,51.785454899999805889
FancyBabyBirds,https://lh3.googleusercontent.com/Lb3i4-CApWQvTemyID8Groes-qhGUmskGnp6tRqy4a852LHiMabZkfY01jbubW687iAM2KsxGVG5XTWFS6YacjlAMTXXb4-8YCtvWQ,ETH,,878,5096,-0.624112309847676,10.820600000000005991,-0.27864233386796117,1.664099999999999913,0,39.60738999999981047
Infinite Moments,https://lh3.googleusercontent.com/ANcRsf-SUAPJdgpC0SQz03OerhwSuv-COyfczv_bleH-hErIyYPJYQIXKLM8dGWO93jqpjYVpdERcqFqp8otNAsYGYoM0C-Rfsuy=s120,ETH,0.00198,812,618,0.9676960209324323,18.455720889799941631,1.082929956794972,6.862743889800015928,-0.45175921373235023,106.543565349595311886
The Flower Girls: Special Editions,https://lh3.googleusercontent.com/wVxeC1CNC4PgOvCzlcdRPUhRMAKKkBNsV0zVsmTMubflnC8jFIJtcWl6pWGgbMuVB_nZJiqbD5YgieN1FJVNhp11oQdVVaBIc3A7Aw=s120,ETH,,6202,18,-0.7440917159900509,3.184231999999999285,-0.36872379341440925,0.247809999999999975,0.12217940682326472,78.080900627180099605
Amazon Green Wall Club On Polygon,https://lh3.googleusercontent.com/4TaoLXAoGr-7WudW3ayXi7w0MV1KCk7EGUO8XyMlpHS8kDitObwF7b6HB8WnSJ0ZcBogTtj-2WdtLxIxlsWgrpHXKNyBbxSG49kV=s120,ETH,,49,2,0,3.499110000000000387,0,0.000,0,35.265335000000014531
Alien Fat Boi Club,https://lh3.googleusercontent.com/5lJXqIhBYaFVteOtPDVpVPGwtzOPtHNBgO-FoQ4-yCVZfeeslTv4eovPasjpiRwgBSCzK_FLguoOpqzEhe7FNgyygAY966TYvTpGyg=s120,ETH,2.5,11,100,0,20.362000000000001876,-1,0.000,0.18914621500172835,63.332000000000000739
Firestarter Metaverse Champion,https://lh3.googleusercontent.com/GVN1BmN20p7qF3vi5sbUsCVimD8IPGxk-yfja1Ld2rKV565ZFAEdZF8F73uRKbDIvk8w6x_7tJfcgYt6-UyEqSpnbYQb8EQzNIsQKQ=s120,ETH,,202,227,-0.6036036036036035,2.200000000000000178,-1,0.000,-0.46894987239673586,465.730537271999821769
Fantasy Land by PolkaFantasy,https://lh3.googleusercontent.com/DecKgvEZ-CSfB4SwwQPRox4tCkZsQEOCqxidoOm0nFSqxFZV3p0Wvycr6yYEFvWZAMWYcZP56k-DMol7Sda0J3GDv6CNIzznGvK9=s120,ETH,,1463,3766,0.3758073695205848,8.78520419999999902,-0.809052333804809,0.675000000000000044,-0.3648675548121156,84.848494199999933585
Hero Galaxy Artifacts,https://lh3.googleusercontent.com/DduOoAikAyFHfZG0FNqYQl3lcdnr5s5FWRtHUuzAcantq7RDCnnROEHOH5hVzYyfxS87t5ugD7hfdfr-jb9dnyDSo2am0G29hR1ko2I=s120,ETH,0.135,1135,2666,36.74714285713095,31.707599999989998452,0.06106403013182661,4.507399999999998741,0,32.547599999989991204
adidas for Prada re-source,https://lh3.googleusercontent.com/nMPxX6zMqJTQ4bovChfFylRSqEkdGuS-bvWPiJ5_TkFR_ghUVUdbUQB1mYz08JymVhFsQXj_PyedYGlLBHqU3vLVG15P778OM143GA=s120,ETH,,2785,3030,0.04678943542500567,4.320099999998999074,-0.702951857714871,0.319000000000000006,-0.9253363939400194,447.549577978988395444
MetaSoccer  Youth Scouts,https://lh3.googleusercontent.com/JZTuy0tsGfGUy_oazi1H571fE48IlK8vbv_cHKHSc9llPtcoYjIm-_0OisDq6gdRWOqfHtulkkhY5zL1lIi7OnP_hnuVNXBErTux=s120,ETH,,801,6704,0.010551089068250483,6.397900000000000809,11.026125625347415,2.163499999999999979,-0.7410410521942626,138.622488200000219649
Voxie Tactics Items,https://lh3.googleusercontent.com/c8J3Pg-6LjhGi6lKQ_oPXXbBJ08FpyLRz83ulPraoaqSCdtJm1zUv454nFIXcBpKJFnvnv50MkSpEfIOrs1rnxKAixjbT0_zyz2gHQ=s120,ETH,0.00249,1360,4705,0.4771245624250248,8.422387000000000512,0.18010237937245205,1.244889999999999608,0.38886917485790407,53.383245400000177483
Polyflip NFT,https://lh3.googleusercontent.com/Fi-xoXOrpFHcUy3QpKgFf9kLojEhm0OBbCrD0V1SMzG0PlnngV36PqfCKNCHCNhnIKnGqqkYO8UTSYcBj1m3aAK-FjhvEdY_goXJzTw=s120,ETH,,299,949,0.285803242162769,10.238579899999999512,0.23918032786885252,0.755900000000000016,0,27.727168879999990025
PolkaFantasy Game,https://lh3.googleusercontent.com/FFidlqDMatgMYUnWCU4dG-aFyKyrJE5-oPSQ6PW2aKTooym8fLPnTGqq4Rp68ysTnw4El6iuajNjP7iVwpJ4-KPWMUVlZvaoTYO6,ETH,,783,8102,-0.8206730242244875,1.472400000000000153,0.7725540025412958,0.279000000000000026,0,26.666600000000002524
Ape Not Kill Ape,https://lh3.googleusercontent.com/Gecy8q_rruzBL2omFCWmDRft7DJfYNlVF99BUpG3kPtjM1PmwkPGNP_IABN9aCP7peHtbDE8b9IVO0-H1kEHh8VTytG6P6rezddjGg=s120,ETH,0.00182,411,3158,-0.9922378540909961,0.100503000000000009,-0.7448562341792692,0.003931,2.927432069722865,32.47881169222216613
GFC Genesis Weapon,https://lh3.googleusercontent.com/AG-bMrIZAa8Gby3GSuacvR7KWfD3AIvFD1H7r9-3z_iIm1GI9n6NBt573G_xeQq-RggWtmJkU27wLX9sE_ZJViL-wFpd88y8ewjT6g=s120,ETH,0.029,1444,48,0.04277406801397435,4.716049999999999187,-1,0.000,-0.8405657820339056,329.618404444340342252
Royal LDAs,https://lh3.googleusercontent.com/UB1LDoe50XlszRwIUb3KS226G8Xzx_wSyPI26dWhD5LUEITInjw63JGt39Y4SoE0gqQiZuMaieUUCmQS2jAHn1TwVgX_qkEPpws4=s120,ETH,0.07,2367,3155,-0.40133885104562883,4.390700000000000713,1.6660473757547607,1.721999999999999975,-0.937347327462327,410.357907482104280916
Cupid Love Metaverse,https://lh3.googleusercontent.com/movZHmWTS3Gk6uQvSI5aNrTnURdg6UquTE5Mk8H0G-XocwfPMzx-_SPjsjEHqkLS3S1WUD92-R0I4hF7kn_VBog8o8aADim8WCKTIg=s120,ETH,,2478,9999,1.727272727272727,0.299999999999999989,0,0.000,6.963575853138473,28.099762673000022062
ZED RUN Skins,https://lh3.googleusercontent.com/Q19fJSGvGRRru8FGkpIm734cXNEo9Ag0bXA4X5r4Zboe6TyZRzCM6z_C9vIGhiahvlC5ZZ1YytUVi3MaSP41gqJnrFwa1OVJDsxx=s120,ETH,0.07,519,1117,-0.052844077368681984,7.553000000000000824,-0.31683168316831684,0.069000000000000006,1.892061877360643,49.891689798999983907
Pixel Heroes X,https://lh3.googleusercontent.com/tbr3Js8ZYCUPcYGcLZxVoREVzkpAioZ-8GEu6SPkThfFnwVlDBnSwi95IeKSYrD8SoV4ap35eRxN2luE4wRtGeNBxjX0SGbQQg7b_g=s120,ETH,0.011,1414,5555,-0.6640281559495198,0.454200000000000104,-0.25561797752808973,0.079500000000000001,-0.21763744060322823,52.09696203800005776
G-Bots by GAMEE,https://lh3.googleusercontent.com/ehcqd2PHRzGyDDSBly6JqZ-xY0YVU96ohGrLxuWY5ZS_s39PI2bsLJl3bPmCTTsxIvI-k2v_6dRz1RRATxugnRz1aVrVO07t-Rstfw=s120,ETH,0.042,2218,3457,0.5203101132251249,8.486066990000001198,1.0659449198416104,1.393045999999999784,-0.5575015810787043,254.263489636989731935
QORPO | TradeRaceManager,https://lh3.googleusercontent.com/PdVUBW8gk_wt5_Ll9pxeSjq8RLKxuycsQg3suSgiyPy6Pu79on3PR5nEQSQVemAZ7V5YpBDltG63VEiFyfkOd0hYOTeQzz8E4up1PA=s120,ETH,0.0119,251,55,0.014055005624297063,9.014948999999999657,0,0.000,2.9443932747196255,99.853746246976982093
Golden Grenade,https://lh3.googleusercontent.com/wsylGTxIS3LH-hBNcYch36h606nkdUsr69qJw0wGw_V22J-cLSnT1aLpvdRoqkataRYhtThwQzLNRap9BDfHF2KtlKzgBrRimNzY=s120,ETH,3,271,500,-1,0.000,0,0.000,-0.5770459081836327,102.773999999999986699
Ethernity's Master Collection,https://lh3.googleusercontent.com/GId53RudYB4l7e6Irj3_5JGyC3bwybdotwXAEgGaq4KCqjtfQChbolTQSJRYzb1bYrHM_G9xH4Il9vh_CM3ZPtMTwSgtkU5Wu7RVVQ=s120,ETH,0.013,8023,21408,-0.712806002787724,3.44090000000000007,-0.588785046728972,0.110000000000000001,-0.2747561977410694,1203.78586565922569207
Crypto Raiders Mounts,https://lh3.googleusercontent.com/44XZseVPcTMuIseriL_HWueJ1pVaTp7p5JbMlAyQccPRCE3IsbOohEZ9WzKH0zOlmXIUsEH8NIULCA5PunKfNhTAi2yhXyVim745OA=s120,ETH,,555,3654,-0.06640706075371429,4.722999999999999865,-0.21458773784355176,0.742999999999999994,-0.8168422536479005,252.032916999999400787
Courtyard,https://lh3.googleusercontent.com/d0wnTQxaVJ3DX6tqx0Xz4lTWde396hPu1snh9NhJuaxkcucWBr9gBOguIsnD3k2uYN7_5V0iyxRUYzlwLXG0hmJQ2UtnIaOwlNbh=s120,ETH,0.35,409,801,79.66346538615446,20.157799999999998164,-0.4188221557670999,4.878000000000000114,0,20.40770000000000195
Bored Punks of Society,https://lh3.googleusercontent.com/SpA7eYqISuQykp2ChT_RH_m-Ef2oYxHs_5eb9USs7Wfo2RBV2j-v1AHEAvmuXpTxxWRpozZLas6t0g-TASJ25o9x0b3zDTDU6Iig8hc=s120,ETH,0.0299,3185,7638,-0.5162810310430055,2.635539899999998159,-0.7503491184268712,0.142999999999999988,-0.8680919926535914,206.716420727944949931
CinSity DAO Founders Pass,https://lh3.googleusercontent.com/sM6EsrnhibURAaLn9wvjN3gtD9NHOGv_PgGeFjNUMYiTRqTDbgpLtXDcCm55Yp88j8eBH8kgq0p1CEgIdzkV4KsCwRldoaUq-tBKUA=s120,ETH,,178,1000,1.8874999999999993,1.154999999999999805,-0.6842105263157895,0.149999999999999994,-0.08403503944230918,42.041300000000475734
CryptoGoros,https://lh3.googleusercontent.com/H5T7Oiasej07YZMdfTgreyLFn50Nvf0ktv6uDC0T_omtkW7NkxhEFv1osCgIXmFNzmmhff238D93R14SKz4dXJUK-D0bvayPgUmzxw=s120,ETH,,84,258,-0.325906840148245,2.208099999999999952,-0.7962,0.203800000000000009,10.544649840028434,21.172860000000003566
DeRace Liquid Love,https://lh3.googleusercontent.com/m7Yexzidqpm11U8tIUiuWSzT_HiTSigr-307kjUAx5Zd51u0OuwDNxvMapUn_-7M2PXwDi-1_FomI59FzSDsKiOWKLAfQ6KC-863=s120,ETH,0.062,274,971,-0.5162053543067726,1.629700000000000371,1.0345029239766084,0.347899999999999987,-0.3033248157318903,47.143138000000000432
PolyFarmers,https://lh3.googleusercontent.com/a6-_7gu3nKNaqAGVPxhWb7J_Cy_rHGNohTD9npTe8SWUtemFQtyr3zIBErDimQ1nWWb_yEbZvUVbMq7bO8UofaSeEBK9LxhB7aPDOIo=s120,ETH,,1564,4672,-0.6727350342959515,4.659619879999997494,-0.4892064308681673,0.397141999999999995,0,18.897684959699841301
Cryptoys Classics,https://lh3.googleusercontent.com/8LfTGwMvwMkyoNaBKrwih8iF3sx2gWZ4d9K1YqkxVf0P-_7VaDhTLPFjv14FPkAClq8fqNSDahH0BW32ceotlfAYNcWVqk3HMUnHbw=s120,ETH,,2728,3862,1.6529435163086714,6.669499999999999318,12.962142857142855,1.954699999999999882,-0.6190989385080378,176.145291032399910591
Metapass Genesis,https://lh3.googleusercontent.com/oeoj0gZ-im6Ya6lLsi3GA6GXS0P2MpCZ1qV0z8QnnRfhP9WHshXjMhfE5HFUV2xVtqZGPfqDj7usePZRr2SjglRG6aqkvcu6M3DPX9c=s120,ETH,,90233,3,-0.3983048776515085,0.812385999999999942,-1,0.000,0.33347424318139135,32.737310372163527461
PolyFarm Land - Official,https://lh3.googleusercontent.com/uvejkwyhLhOUcFMNT2oO7yT9KnbuxORzTPmg61PTLnvk54Bfw1hxc6-f2W7FnMeHJdVx3k6NZHuoKg9vinx_-kGOp4tdntyA7nvudw=s120,ETH,0.136,839,2000,-0.06233855691406894,5.445000000000001172,-0.8073612591196,0.235000000000000014,-0.17668032395153194,47.971770000000006462
Elon Punk Yacht Club,https://lh3.googleusercontent.com/Clj3O3kdijnKk1jGiZLzLAG-G8eCiQjzSfUjXiUt_ER-gwvdf7K7WlTy_WTrfqeRyw4pSW1HbFGEU4MV-UdVq_1pE60UPassVND8HA=s120,ETH,0.0018516,2071,6969,-0.4575045532425832,0.402113900000000302,-0.8408644662609391,0.035823000000000001,-0.5539616562668632,55.830153986463045612
GFARM2 NFT 1,,ETH,,115,186,3.545454545454545,5.000,0,1.000,-0.07025495750708206,46.866499999999987836
Blokpax Razz,https://lh3.googleusercontent.com/kTo2os3VM0wL0HcALOnIc8QmMutU8-rjcaqomht80e2gIDRyYcnypxsBxKQU1VRbGD8MBqHnUQRmD_BEvXimGd50skpK6-16KSRBlA=s120,ETH,,98,36,-0.626433561208861,0.100000000000000006,0,0.000,-0.1844877110575374,65.108667874207782233
Bezogis,https://lh3.googleusercontent.com/OoBwIRxUH0xLmORbqJfd_LcEh5coO9co_m4Q7EDtZeZZ5vQZTQEn7nRKv_LCt4V1RSwPCImkMetA7Bp_mdzYaTOhrv6EG6njAsQS=s120,ETH,,739,4096,1.0466666666666662,6.446999999999999176,-1,0.000,-0.5789103388840888,213.486225700000034067
Space Game - Spidox Droid,https://lh3.googleusercontent.com/ZL21U1P3GXwgr1NtlaQmz56cOGxJcepvjrA2Jf3tKyMy5mYz3EegQ6P61fu1IIs54mBQJcXSdsfMrtqPsqDwS0vsRyhl_7CheiYW=s120,ETH,0.0088,766,1013,-0.9157916235930871,0.040899999999999999,-1,0.000,1.0224105914938362,23.581179899999966665
Genesis Curry Flow,https://lh3.googleusercontent.com/qhwm6gQ8c5XnG1a0Qwd0AIXV5UvdzX5YAXQ4IO7qto5b2QrzM3oh_DoskIeGuv-E352Ci0ZbgYEeRTJwBHrDLGlcIC_ROa8RSf-Obzg=s120,ETH,0.099596,2197,5,-0.38809949979549685,1.347955000000000014,1.0018227305218013,0.280055000000000054,-0.7240771834282724,2153.56412183469728916
The Visitors,https://lh3.googleusercontent.com/rj9UOPjE50WAH3QXvHSO5BD3jyR_kdEkU86E71fMrhYSxDBMl4SPOg6_zuCckKNDVTubl1CfDxjplKpPlNgBPTeuNQxSQecUS3BeYA=s120,ETH,0.08,2250,9043,0.5463621113408499,3.963790000000001701,-0.13829768537232653,0.490300000000000014,-0.6437192175024078,427.511027353636620774
GFARM2 NFT 3,,ETH,2.3,74,180,1.5999999999999999,3.899999999999999911,0,2.000,-0.5706760316066726,64.591700000000017212
Chumbi Valley Founders Collection,https://lh3.googleusercontent.com/7faAXnC0wUv-cz9EocVpLZIK_xj_rRISV0e12YE8h4GFHos_UgT-_h5Oqmdi4crsR0Eg_ahZ9tqNa30iFvGkzLnmvMPb5LQo1nn4=s120,ETH,0.0029,2097,14,-0.6630566153991989,0.710900000000000309,0,0.24810000000000007,0.48077960146667087,187.221564999999969814
DeRace Jockey Club,https://lh3.googleusercontent.com/POAr0Pm7QhOhStClcrx4MYSYHWmkszSjj3nhqhkVZa_hTyvYumMKSPgef4B0qE0BnhbzuqT8l8CwdfzIOl9RtEe7Dt6E3nQSHij-fw=s120,ETH,0.159,1775,5000,-0.010178395534639352,3.617599999999999927,1.0205479452054795,0.294999999999999984,-0.5795648613862742,951.171298779994685901
MYBIAS(SWITH),https://lh3.googleusercontent.com/w9jxz2woybnv0K3azOta6ontKFiF2sUN4w5y_-ejSRu6nF3WpAC7KXtoNbw8no-oD5GSezBlFrG3mBBNyHBhBtl-CDzmAnJePgMQNew=s120,ETH,0.03,242,700,471.36666666666656,14.170999999999995822,-0.9928931845639969,0.100000000000000006,12.910275247330773,16.698900000000001853
Blokpax Vault on Polygon,https://lh3.googleusercontent.com/y9QdtEETyPAFk2iJ_UdIA_gy-OcdPiHgPxHmg0I1ZpTzG02CuCafUTZyBEr4kJ0E4gJhbHur_T5qldJQZ4Gpy09Y8l2_XfmNXnM-9A=s120,ETH,,185,259,-0.8148148148148148,0.110000000000000001,0,0.000,10.008751367401159,19.157800000000001717
TimeVerse-NFT,https://lh3.googleusercontent.com/LlIll8r3Qx6vOBSU_TkSxHWFX1za3gJmpCd4eTScQF3jTtQxECRKTQKnjRf35qPFtQbotZ3b8Ba3sCTL1tR6fubPfjI1gVkXCO34oQ=s120,ETH,,310,3660,-1,0.000,0,0.000,15.184983144131447,14.641605638799990885
GFARM2 NFT 2,,ETH,1.25,91,195,0.8750000000000001,4.500,0.08695652173913052,1.250,-0.3515294117647058,54.193299999999993588
EliteSquad,https://lh3.googleusercontent.com/rwKuDTu9uFXDN97h026TiKqHy8JC-a5O-RxHZAskME6wS90pmkxoi1DF4JnsASHdXRPRr8MVLU7dsLFWdR5thYWlY888GnllCwD-Rg=s120,ETH,,34,596,1147.2285714285706,8.037599999999994083,-0.9699390243902439,0.049300000000000024,0,13.681400000000042638
Elegant Elephant Society,https://lh3.googleusercontent.com/8HXpCiOzFNmqdsCeUyfQDkUW-1K7-1WYTN3WmffAaxHpZjXnEHUEsCIDLjUFwmLBxQqVeIpkyzGovPPryHAkjE4OhDGRuBZIUWk=s120,ETH,,1407,7500,0.6815491886519571,2.717200199999998844,6.098041958041959,0.913518000000000163,0.7175115822276941,56.280792214733821766
Velhalla Comic Book 1,https://lh3.googleusercontent.com/nBLNE79yxW9ARtOojDpGr9TqGPPBkpsE-CPVy9706eA7rjTGARWQJH8tqrxqlSbIbGq2ZnpnLfPxuJGkvYKKR351SlbrM0klIZZHkA=s120,ETH,0.0039999,283,30,0.28664581667685585,0.547159000000000173,-0.9297886151577107,0.015899999999999997,-0.5148500890048067,40.527772489998710626
Metaprints,https://lh3.googleusercontent.com/qWeUNzFqB8fbcKF7_PtZsWdHg7dHGla4mkrTiftst5FQtRUt0gFpFwejYZq1frIp3blK3a_aB1X1A8-KM2T04T6VH-QC3urB465YCqI=s120,ETH,,2130,10,-0.2885375494071147,0.540000000000000036,0,0.174999999999999989,-0.09740487402467939,42.999299999999998079
Redemption Tokens for Brendan Murphy Physical Art,https://lh3.googleusercontent.com/M5eV3dgE01GIJbt7VZ-Vx4B2Xo42RaFXGT3R-ynrwmrqDEAoq1MacTZlRgYuSPHk6jD73X1l18H5CIg0ZPy7xUSA-p_1GsSWQT9cLuQ=s120,ETH,,1044,5,-0.8595213319458898,0.674999999999999933,0,0.599999999999999978,-0.33650312503634805,242.653278999989964859
BillionaireZombiesClub,https://lh3.googleusercontent.com/UORt4tkxYbzkj5MK52UzXNN6sijKaZaCzLkwf8bJdUgE8cuAhZqDDXdVU2Hz5j5da7BZ4vKLzK_R93GAixIO5Sne3QjDx7-j55Qo8G4=s120,ETH,0.0349,3527,10000,0.5501458941690578,3.904249999000000138,-0.18291892108108104,0.377899999000000042,-0.6922780062034661,639.146712259736432316
GFARM2 NFT 4,,ETH,4.8,38,131,-0.6354733405875953,3.350000000000000089,0,0.000,-0.7754297994269341,113.656999999999996476
MyCryptoHeroes,https://lh3.googleusercontent.com/EjR3eM1lBxgVk6F3PdOU1xaF-aVQfK3aTj29kKsbkDYFJrMC1tBf0k5lYjVfd6FYIPAr-rC3e79WPZmqEkrSv10o=s60,ETH,0.001,5553,75873,1.3427953863447357,3.626479999999998149,24.1725806451613,1.560700000000000642,-0.125664169695325,27142.984478315065643983
Petzogis,https://lh3.googleusercontent.com/iKVi9R9s8h9htFbI8g7CJm2_kSF9A6Zm8237lVRQCgQfbBlMxc4EK67qgj8UCwrhKS6iDfxwHZ7l4VZ7CqDEv3exFNvc-q73qUg8pA=s120,ETH,0.175,643,4092,-0.1881614349775784,2.262999999999999901,-1,0.000,-0.4734861597278317,90.351945760000091923
Riot Racers Gas Stations,https://lh3.googleusercontent.com/dyiqgz4_Fm6XY7B4xSZB5E4q9iuul46DSzLnBexZFyPB6r6tHMunAg7M7hjBPoJYMp9lFhglxzd_PhDAFc6sKOhOwwpzE7HFE0l5tA=s120,ETH,15,19,20,0,0.000,0,0.000,0,160.269999999999924967
PolygonPunks - Official Collection,https://lh3.googleusercontent.com/gR7I-QRV0LxH5uM0XR7CP3tCDlim9GLeIZctSal4hAcwhXVv2O2sr5Vjopg1Jo4ceDeip301CUrMsKCiPKVUNBcFNykOBNSIBlloUu4=s120,ETH,0.016,2300,9996,-0.6493582909324742,0.757000000000000339,-0.9459459459459459,0.014999999999999999,-0.605805969584248,309.900538079798934632
YOCOnauts,https://lh3.googleusercontent.com/DwX2_H290wgl1SeyYyZFrE8_CTk9c56s-N-erQwCTmjiDVqFQNlCihRnV4zgRs33-lipGiJhgBoVctt_sAtF3pUmjfjENoYBhsSc=s120,ETH,,222,407,-0.6774418972448314,0.877000000000000113,0.8705882352941176,0.318000000000000005,0.14025493945188044,25.071989999999992449
DISOBEYPUNKS,https://lh3.googleusercontent.com/RRK2FCAAnIviReERR46-aM7A1GwBv4q-rItaTyWZ8qj8OuWWf-h0EhQwRKdJ4SmyiphUrP3sAnNejSt5rkH3Q95IpHJhK4dOfilPDw=s120,ETH,0.001834,1006,6997,-0.25570779466190274,0.940436999999999967,-0.9915939467579807,0.00761,-0.48803010482743775,32.999351707868029848
Aquarium of the Bay,https://lh3.googleusercontent.com/Nxmddqr3elIp6jtQFvC9ZsSk6pgcKhwrqg1LadJL3_njFNe7CG7sVEljBzeEzZSVTByOG0nslZqUG7cK-jhV6m3fQ_bJoMC0Py7oGQ=s120,ETH,,14,14,-1,0.000,0,0.000,0,11.087857882681060318
Meta Golden Nuggets,https://lh3.googleusercontent.com/8dGKJEtUmPuNmMjMso6r-FGq33OxbuohjXG1S8mXJqC2ggmdDwZ_SUg4N94V6D0EXUpJ0DcviryY4Ub6LBtZulzbriaw4WTI6RqQkw=s120,ETH,,63,114,-0.98,0.100000000000000006,-1,0.000,0,10.899999999999998579
Riot Racers Racetrack Land,https://lh3.googleusercontent.com/zv-r2X1DouiaCsT0C-8KeY2j_d8VR9pMTq0nIhPFda__IPc1OVqivwKPMik_tits30MwdRWKuYFaceHP9AMzpPeuJsio8-dgjr9AxQ=s120,ETH,,431,1400,-0.27741436165829225,1.209999999999999964,-1,0.000,-0.5820948951819953,135.160532000000159769
REVV Racing,https://lh3.googleusercontent.com/W9ZPuD7gMwLFSXqTLB85mBZr1cI3Kio_k75HlUIMm6n7TMjcP-MPamwidyt1uEWglkr_RCY7Ox1FmHYVkXFv9c25aXgIyzZ5dbBN3A=s120,ETH,0.00182,52606,159074,0.4239238701698745,2.782608761284163013,-0.36839118876384497,0.754550114147100603,-0.2895301020187582,313.469016081405243312
Dragon Master Box,https://lh3.googleusercontent.com/XxssvHL7Mhqqnip61JkBe3Rarhd_e2rEndimx1DlwUZwbvGHty0XF4F9WlYGyr5cqcew2fOTb-PBSLyC8d3zA7N4KG45DRstO_eGxMo=s120,ETH,,1246,3622,2.4559243561368205,3.435188809999999648,8.947169086792275,1.326288880000000336,0.4845213912326434,22.965133219999994907
MetaSoccer Youth Scout Tickets,https://lh3.googleusercontent.com/CRKG_MZ0nx5DOgzHQqgN3rltmkVeAduLeWLE3fz8NakH7FugACdHlitu7FPRKsHy05uKXABZmFPoeNi1icdrh1TLpIDyk7JdI-xMCJE,ETH,,887,4105,0.7138364779874217,2.725000000000000533,0.5108695652173914,0.695000000000000062,-0.8487358968039769,206.104979000000099632
DinoX World - DNXI,https://lh3.googleusercontent.com/OWzuN8z3KSuxklo-TtzCaLkbHrwPKtkhTZ_bcpVaLWySmTaQPEWlnWpOxm9ExUXILjShYt2u-D0eDeueNr8kUUmReijsKIX2wU_4-Q=s120,ETH,0.0034,20317,140,-0.7801315396502378,1.211857425505580288,0.16383787019579038,0.163610000000000033,-0.5659148395323738,54.384653336152844361
100 Portraits NFT,https://lh3.googleusercontent.com/sADZlrs-G8P2wrVv8Sa6pdH9WfR0cQAiYFU5RGcnxzPLXOAfzDu5ldu6WsT1k-RC55X-P4gSzfFB10JHD0lAzQf7THDJav21-weK=s120,ETH,,173,6842,0,7.815000000000003944,3.9342105263157894,1.875,22.758611915759808,10.119735999999997844
